SampleID	Actinomycetaceae	Aerococcus	Aeromonas	Akkermansia	Alcaligenes faecalis et rel.	Allistipes et rel.	Anaerobiospirillum	Anaerofustis	Anaerostipes caccae et rel.	Anaerotruncus colihominis et rel.	Anaerovorax odorimutans et rel.	Aneurinibacillus	Aquabacterium	Asteroleplasma et rel.	Atopobium	Bacillus
Sample-1	72.0189547177961	36.6774989319696	42.6023272590121	1381.23685390141	143.425506392999	4593.31769688299	35.3563566613223	53.2552249190787	11190.2731781007	710.087359713864	629.384375572851	43.918857957738	47.9446504058434	35.5669333395318
Sample-2	71.6174398836624	35.0939016727016	38.3398119961015	2361.54262443099	146.719701415408	8059.37841236238	35.1865673563884	87.6215719000156	6860.17346489658	3090.15924687574	700.722231193224	41.3611073685682	42.909111608071	34.9178088231881
Sample-3	76.7885523301023	36.4684590752703	41.0496803489383	30042.1180325848	149.895577006333	2206.50573030564	37.5896040144946	45.5692756125726	1753.03757188504	2484.29561786565	2265.74205286361	39.208405728295	39.986798473158	36.4685173763808
